Model,Accuracy,F1 Score,Recall,Precision
Predicted,99.16666666666667,0.9916025930951304,0.9916666666666667,0.9919117647058824
NDVI,28.333333333333332,0.278974358974359,0.2833333333333333,0.27474747474747474
Satellite,26.666666666666668,0.2987975532093179,0.26666666666666666,0.5869496855345913
Slope,46.666666666666664,0.4896174863387978,0.4666666666666667,0.5149425287356322
Topography,47.5,0.5024793388429752,0.475,0.5333333333333333
